{
  "project_info": {
    "project_number": "253058468569",
    "project_id": "total-hours-541ed",
    "storage_bucket": "total-hours-541ed.appspot.com"
  },
  "client": [
    {
      "client_info": {
        "mobilesdk_app_id": "1:253058468569:android:06c0a42cc3e78d845f4cc8",
        "android_client_info": {
          "package_name": "com.example.totalhours"
        }
      },
      "oauth_client": [],
      "api_key": [
        {
          "current_key": "AIzaSyAEkTGjoDME6lgMX04gXcVSng5Anx0GFcY"
        }
      ],
      "services": {
        "appinvite_service": {
          "other_platform_oauth_client": []
        }
      }
    }
  ],
  "configuration_version": "1"
}